{
  "name": "../test_data/anneal.txt",
  "method": "lds",
  "depth": 4,
  "support": 1,
  "completed": true,
  "one_time_sort": false,
  "fast_d2": true,
  "metric": [
    0.0,
    0.0,
    1.0,
    2.0,
    3.0,
    4.0,
    5.0,
    6.0,
    7.0,
    8.0,
    9.0,
    10.0,
    11.0,
    12.0,
    13.0,
    14.0,
    15.0,
    16.0,
    17.0,
    18.0,
    19.0,
    20.0,
    21.0,
    22.0,
    23.0,
    24.0,
    25.0,
    26.0,
    27.0,
    28.0,
    29.0,
    30.0,
    31.0,
    32.0,
    33.0,
    34.0,
    35.0,
    36.0,
    37.0,
    38.0,
    39.0,
    40.0,
    41.0,
    42.0,
    43.0,
    44.0,
    45.0,
    46.0,
    47.0,
    48.0,
    49.0,
    50.0,
    51.0,
    52.0,
    53.0,
    54.0,
    55.0,
    56.0,
    57.0,
    58.0,
    59.0,
    60.0,
    61.0,
    62.0,
    63.0,
    64.0,
    65.0,
    66.0,
    67.0,
    68.0,
    69.0,
    70.0,
    71.0,
    72.0,
    73.0,
    74.0,
    75.0,
    76.0,
    77.0,
    78.0,
    79.0,
    80.0,
    81.0,
    82.0,
    83.0,
    84.0,
    85.0,
    86.0,
    87.0,
    88.0,
    89.0,
    90.0,
    91.0,
    92.0,
    93.0,
    94.0,
    95.0,
    96.0,
    97.0,
    98.0,
    99.0,
    100.0,
    101.0,
    102.0,
    103.0,
    104.0,
    105.0,
    106.0,
    107.0,
    108.0,
    109.0,
    110.0,
    111.0,
    112.0,
    113.0,
    114.0,
    115.0,
    116.0,
    117.0,
    118.0,
    119.0,
    120.0,
    121.0,
    122.0,
    123.0,
    124.0,
    125.0,
    126.0,
    127.0,
    128.0,
    129.0,
    130.0,
    131.0,
    132.0,
    133.0,
    134.0,
    135.0,
    136.0,
    137.0,
    138.0,
    139.0,
    140.0,
    141.0,
    142.0,
    143.0,
    144.0,
    145.0,
    146.0,
    147.0,
    148.0,
    149.0,
    150.0,
    151.0,
    152.0,
    153.0,
    154.0,
    155.0,
    156.0,
    157.0,
    158.0,
    159.0,
    160.0,
    161.0,
    162.0,
    163.0,
    164.0,
    165.0,
    166.0
  ],
  "runtimes": [
    0.001303806,
    0.001355079,
    0.003893427,
    0.007344498,
    0.01169014,
    0.015877448,
    0.019536274,
    0.02501165,
    0.031650352,
    0.03954087,
    0.048717712,
    0.058154251,
    0.066867404,
    0.076802166,
    0.088482479,
    0.101723262,
    0.116872196,
    0.131498629,
    0.145010046,
    0.160285102,
    0.176917183,
    0.196497086,
    0.217260461,
    0.235072715,
    0.254333634,
    0.278164209,
    0.30634895,
    0.345236829,
    0.368079593,
    0.390897037,
    0.414627421,
    0.437369994,
    0.463497689,
    0.496690374,
    0.529084681,
    0.558452006,
    0.590476789,
    0.624582312,
    0.654710093,
    0.682953808,
    0.716854837,
    0.754675307,
    0.790381044,
    0.822153502,
    0.854745817,
    0.889642928,
    0.926570851,
    0.970929004,
    1.013866529,
    1.049491511,
    1.083494334,
    1.122562579,
    1.163554084,
    1.205432346,
    1.250735448,
    1.302851138,
    1.355048659,
    1.406357532,
    1.4606746259999999,
    1.517903816,
    1.572873232,
    1.6334466330000001,
    1.6953377729999999,
    1.7550735830000002,
    1.8168796390000002,
    1.8778887819999999,
    1.932942873,
    1.9911968899999999,
    2.05642287,
    2.119759623,
    2.184142699,
    2.2477728,
    2.314383281,
    2.37846282,
    2.438427746,
    2.498870602,
    2.564622579,
    2.633133946,
    2.705833132,
    2.781168065,
    2.858374058,
    2.931829383,
    3.008136941,
    3.083500988,
    3.161929609,
    3.238814985,
    3.30830658,
    3.376441317,
    3.442431742,
    3.511605736,
    3.575997141,
    3.645064194,
    3.7181899019999998,
    3.787763984,
    3.851408984,
    3.915129736,
    3.973997273,
    4.034959184,
    4.100530363,
    4.163218152,
    4.227805253,
    4.287916239,
    4.344377096,
    4.403664678,
    4.460336321,
    4.517378563,
    4.571123878,
    4.613754979,
    4.655366511,
    4.704775073,
    4.755879248,
    4.804557284,
    4.872823847,
    4.926785477,
    4.984852422,
    5.040581437,
    5.092757166,
    5.136990649,
    5.182736935,
    5.228077548,
    5.275244967,
    5.323168346,
    5.373918965,
    5.42586309,
    5.471962254,
    5.513797224,
    5.564755298,
    5.608792364,
    5.646795636,
    5.684295351,
    5.725811714,
    5.763819887,
    5.795976258,
    5.826815616,
    5.85852049,
    5.890016935,
    5.919142503,
    5.941709381,
    5.96666172,
    5.9937276950000005,
    6.022257106,
    6.052079981,
    6.080911203,
    6.108606422,
    6.13493219,
    6.158306682,
    6.178180249,
    6.199552486,
    6.2222126939999995,
    6.246127492,
    6.268933585,
    6.285651253,
    6.301464517,
    6.320836413,
    6.338875919,
    6.353678941,
    6.367613494,
    6.383569974,
    6.403123854,
    6.419673218,
    6.431526334,
    6.441718381,
    6.453329267,
    6.46356194,
    6.471247427,
    6.478757673,
    6.485775003,
    6.492345247
  ],
  "errors": [
    126.0,
    126.0,
    126.0,
    123.0,
    123.0,
    123.0,
    123.0,
    121.0,
    121.0,
    121.0,
    121.0,
    119.0,
    119.0,
    119.0,
    119.0,
    117.0,
    117.0,
    117.0,
    117.0,
    117.0,
    104.0,
    104.0,
    104.0,
    104.0,
    104.0,
    104.0,
    104.0,
    104.0,
    104.0,
    104.0,
    104.0,
    104.0,
    104.0,
    104.0,
    103.0,
    103.0,
    103.0,
    103.0,
    103.0,
    103.0,
    103.0,
    103.0,
    103.0,
    103.0,
    103.0,
    103.0,
    103.0,
    103.0,
    103.0,
    103.0,
    103.0,
    103.0,
    103.0,
    100.0,
    100.0,
    100.0,
    100.0,
    100.0,
    100.0,
    100.0,
    100.0,
    98.0,
    98.0,
    98.0,
    98.0,
    98.0,
    98.0,
    93.0,
    93.0,
    93.0,
    93.0,
    93.0,
    93.0,
    93.0,
    93.0,
    93.0,
    93.0,
    93.0,
    93.0,
    93.0,
    92.0,
    92.0,
    92.0,
    92.0,
    92.0,
    92.0,
    92.0,
    92.0,
    92.0,
    92.0,
    92.0,
    92.0,
    92.0,
    92.0,
    92.0,
    92.0,
    92.0,
    92.0,
    92.0,
    92.0,
    92.0,
    92.0,
    92.0,
    92.0,
    92.0,
    92.0,
    92.0,
    92.0,
    92.0,
    92.0,
    92.0,
    92.0,
    92.0,
    92.0,
    92.0,
    92.0,
    92.0,
    92.0,
    92.0,
    92.0,
    92.0,
    92.0,
    92.0,
    92.0,
    92.0,
    92.0,
    92.0,
    92.0,
    92.0,
    92.0,
    91.0,
    91.0,
    91.0,
    91.0,
    91.0,
    91.0,
    91.0,
    91.0,
    91.0,
    91.0,
    91.0,
    91.0,
    91.0,
    91.0,
    91.0,
    91.0,
    91.0,
    91.0,
    91.0,
    91.0,
    91.0,
    91.0,
    91.0,
    91.0,
    91.0,
    91.0,
    91.0,
    91.0,
    91.0,
    91.0,
    91.0,
    91.0,
    91.0,
    91.0,
    91.0,
    91.0,
    91.0,
    91.0
  ],